{
  "project_info": {
    "project_number": "522392500410",
    "project_id": "sretchats",
    "storage_bucket": "sretchats.appspot.com"
  },
  "client": [
    {
      "client_info": {
        "mobilesdk_app_id": "1:522392500410:android:870695f77feb918d42ea83",
        "android_client_info": {
          "package_name": "com.example.sretchats"
        }
      },
      "oauth_client": [
        {
          "client_id": "522392500410-boteo86c5i0f6j5qh1st9mtub416m22o.apps.googleusercontent.com",
          "client_type": 3
        }
      ],
      "api_key": [
        {
          "current_key": "AIzaSyDwPoLvwQ-3tYEwbMv1NiJd9NLtB5SVLA8"
        }
      ],
      "services": {
        "appinvite_service": {
          "other_platform_oauth_client": [
            {
              "client_id": "522392500410-boteo86c5i0f6j5qh1st9mtub416m22o.apps.googleusercontent.com",
              "client_type": 3
            }
          ]
        }
      }
    }
  ],
  "configuration_version": "1"
}